NaN	NaN	NaN	NaN	NaN	NaN	NaN	NaN	NaN	NaN	NaN	NaN	NaN
0.0011618386830961928	NaN	NaN	NaN	NaN	0.000547208762048503	NaN	0.0002888154846323509	NaN	NaN	NaN	0.007914667030471762	NaN
NaN	NaN	NaN	NaN	NaN	NaN	NaN	NaN	NaN	NaN	NaN	NaN	NaN
NaN	NaN	NaN	NaN	NaN	NaN	NaN	NaN	NaN	NaN	NaN	NaN	NaN
NaN	NaN	NaN	NaN	NaN	NaN	NaN	NaN	NaN	NaN	NaN	NaN	NaN
0.0010549672019400207	NaN	NaN	NaN	NaN	0.0005615667217121087	NaN	0.00412172233470383	NaN	NaN	NaN	0.005830719733576843	NaN
NaN	NaN	NaN	NaN	NaN	NaN	NaN	NaN	NaN	NaN	NaN	NaN	NaN
NaN	NaN	NaN	NaN	NaN	NaN	NaN	NaN	NaN	NaN	NaN	NaN	NaN
NaN	NaN	NaN	NaN	NaN	NaN	NaN	NaN	NaN	NaN	NaN	NaN	NaN
0.011176651370069712	NaN	NaN	NaN	NaN	0.002783818767319978	NaN	0.002357888373993475	NaN	NaN	NaN	0.003417615692108164	NaN
NaN	NaN	NaN	NaN	NaN	NaN	NaN	NaN	NaN	NaN	NaN	NaN	NaN
NaN	NaN	NaN	NaN	NaN	NaN	NaN	NaN	NaN	NaN	NaN	NaN	NaN
0.004801033782129992	NaN	NaN	NaN	NaN	0.0005327143902196609	NaN	0.0006351171653257515	NaN	NaN	NaN	0.0006704887786824468	NaN
NaN	NaN	NaN	NaN	NaN	NaN	NaN	NaN	NaN	NaN	NaN	NaN	NaN
0.0007658945933628797	NaN	NaN	NaN	NaN	0.0002932303951356383	NaN	0.00038012895725325467	NaN	NaN	NaN	0.007484860475721436	NaN
NaN	NaN	NaN	NaN	NaN	NaN	NaN	NaN	NaN	NaN	NaN	NaN	NaN
0.0007551080523300582	NaN	NaN	NaN	NaN	0.00032549359392269075	NaN	0.0004582492281239456	NaN	NaN	NaN	0.0006580337524633352	NaN
NaN	NaN	NaN	NaN	NaN	NaN	NaN	NaN	NaN	NaN	NaN	NaN	NaN
