NaN	NaN	NaN	NaN	NaN	NaN	NaN	NaN	NaN	NaN	NaN	NaN	NaN
0.000136918146103084	NaN	NaN	NaN	NaN	0.0001515472853847433	NaN	6.427656363427804e-5	NaN	NaN	NaN	0.002967893940274439	NaN
NaN	NaN	NaN	NaN	NaN	NaN	NaN	NaN	NaN	NaN	NaN	NaN	NaN
NaN	NaN	NaN	NaN	NaN	NaN	NaN	NaN	NaN	NaN	NaN	NaN	NaN
NaN	NaN	NaN	NaN	NaN	NaN	NaN	NaN	NaN	NaN	NaN	NaN	NaN
0.000150427279657557	NaN	NaN	NaN	NaN	0.0001591745280998391	NaN	0.0015828878345879088	NaN	NaN	NaN	0.002555986905383801	NaN
NaN	NaN	NaN	NaN	NaN	NaN	NaN	NaN	NaN	NaN	NaN	NaN	NaN
NaN	NaN	NaN	NaN	NaN	NaN	NaN	NaN	NaN	NaN	NaN	NaN	NaN
NaN	NaN	NaN	NaN	NaN	NaN	NaN	NaN	NaN	NaN	NaN	NaN	NaN
0.00013261658512533385	NaN	NaN	NaN	NaN	0.0008192588828424531	NaN	0.0011886376257594328	NaN	NaN	NaN	0.0006192945121818175	NaN
NaN	NaN	NaN	NaN	NaN	NaN	NaN	NaN	NaN	NaN	NaN	NaN	NaN
NaN	NaN	NaN	NaN	NaN	NaN	NaN	NaN	NaN	NaN	NaN	NaN	NaN
0.0014192100015297693	NaN	NaN	NaN	NaN	0.000507659179474928	NaN	0.0005857669182503861	NaN	NaN	NaN	0.0006097897160254745	NaN
NaN	NaN	NaN	NaN	NaN	NaN	NaN	NaN	NaN	NaN	NaN	NaN	NaN
9.433086330342846e-5	NaN	NaN	NaN	NaN	0.00020083884087106235	NaN	0.00027365168011563273	NaN	NaN	NaN	0.0002683830137249209	NaN
NaN	NaN	NaN	NaN	NaN	NaN	NaN	NaN	NaN	NaN	NaN	NaN	NaN
0.00014491985564914867	NaN	NaN	NaN	NaN	0.00011165285371967648	NaN	9.771657886479396e-5	NaN	NaN	NaN	0.0002840972567213001	NaN
NaN	NaN	NaN	NaN	NaN	NaN	NaN	NaN	NaN	NaN	NaN	NaN	NaN
