NaN	NaN	NaN	NaN	NaN	NaN	NaN	NaN	NaN	NaN	NaN	NaN	NaN
0.0001980340751160392	NaN	NaN	NaN	NaN	0.00021607177649627562	NaN	0.00018396045762175212	NaN	NaN	NaN	0.0028855112424632868	NaN
NaN	NaN	NaN	NaN	NaN	NaN	NaN	NaN	NaN	NaN	NaN	NaN	NaN
NaN	NaN	NaN	NaN	NaN	NaN	NaN	NaN	NaN	NaN	NaN	NaN	NaN
NaN	NaN	NaN	NaN	NaN	NaN	NaN	NaN	NaN	NaN	NaN	NaN	NaN
0.00024174514183030236	NaN	NaN	NaN	NaN	0.0001899097499362303	NaN	0.015275742696660974	NaN	NaN	NaN	0.0016368975332260555	NaN
NaN	NaN	NaN	NaN	NaN	NaN	NaN	NaN	NaN	NaN	NaN	NaN	NaN
NaN	NaN	NaN	NaN	NaN	NaN	NaN	NaN	NaN	NaN	NaN	NaN	NaN
NaN	NaN	NaN	NaN	NaN	NaN	NaN	NaN	NaN	NaN	NaN	NaN	NaN
0.0002055796844534422	NaN	NaN	NaN	NaN	0.002203017946732355	NaN	0.0015217356217029315	NaN	NaN	NaN	0.001580242962467174	NaN
NaN	NaN	NaN	NaN	NaN	NaN	NaN	NaN	NaN	NaN	NaN	NaN	NaN
NaN	NaN	NaN	NaN	NaN	NaN	NaN	NaN	NaN	NaN	NaN	NaN	NaN
0.0002769783734726332	NaN	NaN	NaN	NaN	0.00021656195082091667	NaN	0.00016566137654732788	NaN	NaN	NaN	0.00020366600091797167	NaN
NaN	NaN	NaN	NaN	NaN	NaN	NaN	NaN	NaN	NaN	NaN	NaN	NaN
0.0009046669189913785	NaN	NaN	NaN	NaN	0.0001975513880789817	NaN	0.0001724697164202704	NaN	NaN	NaN	0.00018067546671986993	NaN
NaN	NaN	NaN	NaN	NaN	NaN	NaN	NaN	NaN	NaN	NaN	NaN	NaN
0.00019192461740049312	NaN	NaN	NaN	NaN	0.000220119013442539	NaN	0.0002019849376553266	NaN	NaN	NaN	0.0001754606103189044	NaN
NaN	NaN	NaN	NaN	NaN	NaN	NaN	NaN	NaN	NaN	NaN	NaN	NaN
